{
  "entities": [
    {
      "name": "GJB289A总线网络",
      "type": "系统/部件"
    },
    {
      "name": "航空电子设备",
      "type": "系统/部件"
    },
    {
      "name": "ADS软件",
      "type": "软件工具"
    },
    {
      "name": "有损耦合传输线模型",
      "type": "理论基础"
    },
    {
      "name": "两端口GJB289A总线网络模型",
      "type": "模型"
    },
    {
      "name": "电气故障",
      "type": "故障模式"
    },
    {
      "name": "分布参数",
      "type": "特征/健康指标"
    },
    {
      "name": "仿真",
      "type": "研究方法"
    },
    {
      "name": "实验室实测",
      "type": "研究方法"
    },
    {
      "name": "技术支撑",
      "type": "研究方法"
    },
    {
      "name": "波形完整性",
      "type": "性能指标"
    },
    {
      "name": "插入损耗",
      "type": "性能指标"
    },
    {
      "name": "电缆故障",
      "type": "故障模式"
    },
    {
      "name": "耦合器故障",
      "type": "故障模式"
    },
    {
      "name": "终端电阻",
      "type": "系统/部件"
    },
    {
      "name": "信号线",
      "type": "系统/部件"
    },
    {
      "name": "屏蔽层",
      "type": "系统/部件"
    },
    {
      "name": "网络状态健康管理",
      "type": "应用场景"
    }
  ],
  "relations": [
    {
      "head": "GJB289A总线网络",
      "relation": "用于实现",
      "tail": "航空电子设备之间的物理连接"
    },
    {
      "head": "两端口GJB289A总线网络模型",
      "relation": "基于",
      "tail": "有损耦合传输线模型"
    },
    {
      "head": "两端口GJB289A总线网络模型",
      "relation": "建立在",
      "tail": "ADS软件"
    },
    {
      "head": "电气故障",
      "relation": "影响",
      "tail": "GJB289A总线网络"
    },
    {
      "head": "分布参数",
      "relation": "用于分析",
      "tail": "电气故障"
    },
    {
      "head": "仿真",
      "relation": "应用于",
      "tail": "电气故障的特征波形和参数分析"
    },
    {
      "head": "实验室实测",
      "relation": "验证",
      "tail": "两端口GJB289A总线网络模型"
    },
    {
      "head": "技术支撑",
      "relation": "提供",
      "tail": "总线检测设备的优化设计及总线网络状态健康管理"
    },
    {
      "head": "波形完整性",
      "relation": "评估指标为",
      "tail": "插入损耗"
    },
    {
      "head": "电缆故障",
      "relation": "包括",
      "tail": "开路、短路、错接或信号线与屏蔽层之间发生的短路"
    },
    {
      "head": "耦合器故障",
      "relation": "导致",
      "tail": "信号反射、振荡"
    },
    {
      "head": "终端电阻",
      "relation": "组成",
      "tail": "GJB289A总线网络"
    },
    {
      "head": "信号线",
      "relation": "组成",
      "tail": "GJB289A总线网络"
    },
    {
      "head": "屏蔽层",
      "relation": "组成",
      "tail": "GJB289A总线网络"
    },
    {
      "head": "网络状态健康管理",
      "relation": "实现",
      "tail": "GJB289A总线网络测试端口精确波形和典型电气故障的特征参数"
    }
  ]
}