{
  "entities": [
    {
      "name": "PHM技术",
      "type": "研究领域"
    },
    {
      "name": "疲劳寿命预测方法",
      "type": "研究方法"
    },
    {
      "name": "失效物理模型",
      "type": "理论基础"
    },
    {
      "name": "应力严重系数",
      "type": "特征/健康指标"
    },
    {
      "name": "局部应力应变法",
      "type": "研究方法"
    },
    {
      "name": "疲劳缺口系数",
      "type": "特征/健康指标"
    },
    {
      "name": "航空结构件",
      "type": "系统/部件"
    },
    {
      "name": "疲劳试验",
      "type": "研究方法"
    },
    {
      "name": "MTS Landmark试验机",
      "type": "软件工具"
    },
    {
      "name": "中心圆孔板件",
      "type": "系统/部件"
    },
    {
      "name": "连接件",
      "type": "系统/部件"
    },
    {
      "name": "2024铝合金",
      "type": "材料"
    },
    {
      "name": "7050铝合金",
      "type": "材料"
    },
    {
      "name": "弹性模量",
      "type": "性能指标"
    },
    {
      "name": "理论应力集中系数",
      "type": "特征/健康指标"
    },
    {
      "name": "挤压应力集中系数",
      "type": "特征/健康指标"
    },
    {
      "name": "应变疲劳参数",
      "type": "特征/健康指标"
    },
    {
      "name": "尺寸系数",
      "type": "特征/健康指标"
    },
    {
      "name": "表面加工系数",
      "type": "特征/健康指标"
    },
    {
      "name": "疲劳寿命分散系数",
      "type": "特征/健康指标"
    },
    {
      "name": "峰值疲劳载荷",
      "type": "性能指标"
    }
  ],
  "relations": [
    {
      "head": "PHM技术",
      "relation": "应用于",
      "tail": "航空结构件"
    },
    {
      "head": "疲劳寿命预测方法",
      "relation": "基于",
      "tail": "失效物理模型"
    },
    {
      "head": "应力严重系数",
      "relation": "影响",
      "tail": "疲劳寿命预测方法"
    },
    {
      "head": "局部应力应变法",
      "relation": "修正",
      "tail": "疲劳寿命预测方法"
    },
    {
      "head": "疲劳缺口系数",
      "relation": "影响",
      "tail": "疲劳寿命预测方法"
    },
    {
      "head": "疲劳试验",
      "relation": "验证",
      "tail": "疲劳寿命预测方法"
    },
    {
      "head": "疲劳试验",
      "relation": "使用",
      "tail": "MTS Landmark试验机"
    },
    {
      "head": "中心圆孔板件",
      "relation": "材料为",
      "tail": "2024铝合金"
    },
    {
      "head": "连接件",
      "relation": "材料为",
      "tail": "7050铝合金"
    },
    {
      "head": "弹性模量",
      "relation": "测量于",
      "tail": "2024铝合金"
    },
    {
      "head": "理论应力集中系数",
      "relation": "测量于",
      "tail": "中心圆孔板件"
    },
    {
      "head": "挤压应力集中系数",
      "relation": "测量于",
      "tail": "连接件"
    },
    {
      "head": "应变疲劳参数",
      "relation": "关联",
      "tail": "疲劳寿命预测方法"
    },
    {
      "head": "尺寸系数",
      "relation": "影响",
      "tail": "局部应力应变法"
    },
    {
      "head": "表面加工系数",
      "relation": "影响",
      "tail": "局部应力应变法"
    },
    {
      "head": "疲劳寿命分散系数",
      "relation": "影响",
      "tail": "疲劳寿命预测方法"
    },
    {
      "head": "峰值疲劳载荷",
      "relation": "施加于",
      "tail": "中心圆孔板件"
    }
  ]
}