{
  "entities": [
    {
      "name": "2020预测与健康管理（PHM）研讨会",
      "type": "会议"
    },
    {
      "name": "四川大学",
      "type": "高校"
    },
    {
      "name": "中国仪器仪表学会",
      "type": "机构"
    },
    {
      "name": "成都",
      "type": "地点"
    },
    {
      "name": "北京航天测控技术有限公司",
      "type": "企业"
    },
    {
      "name": "中国运载火箭技术研究院",
      "type": "研究所"
    },
    {
      "name": "哈尔滨工业大学",
      "type": "高校"
    },
    {
      "name": "中国核动力研究设计院",
      "type": "研究所"
    },
    {
      "name": "山东科技大学",
      "type": "高校"
    },
    {
      "name": "中国航空工业集团公司成都飞机设计研究所",
      "type": "企业"
    },
    {
      "name": "华南理工大学",
      "type": "高校"
    },
    {
      "name": "北京航空航天大学",
      "type": "高校"
    },
    {
      "name": "智能健康管理技术",
      "type": "研究领域"
    },
    {
      "name": "故障诊断与预测",
      "type": "研究领域"
    },
    {
      "name": "维护决策与优化",
      "type": "研究领域"
    },
    {
      "name": "装备测试技术",
      "type": "研究领域"
    },
    {
      "name": "反应堆系统故障诊断技术",
      "type": "研究领域"
    },
    {
      "name": "先进战机预测与健康管理技术",
      "type": "研究领域"
    },
    {
      "name": "智能阴联汽车测试评价",
      "type": "研究领域"
    },
    {
      "name": "PHM工程实践",
      "type": "研究领域"
    }
  ],
  "relations": [
    {
      "head": "2020预测与健康管理（PHM）研讨会",
      "relation": "举办于",
      "tail": "成都"
    },
    {
      "head": "2020预测与健康管理（PHM）研讨会",
      "relation": "由...主办",
      "tail": "中国仪器仪表学会"
    },
    {
      "head": "四川大学",
      "relation": "参加",
      "tail": "2020预测与健康管理（PHM）研讨会"
    },
    {
      "head": "北京航天测控技术有限公司",
      "relation": "参加",
      "tail": "2020预测与健康管理（PHM）研讨会"
    },
    {
      "head": "中国运载火箭技术研究院",
      "relation": "参加",
      "tail": "2020预测与健康管理（PHM）研讨会"
    },
    {
      "head": "哈尔滨工业大学",
      "relation": "参加",
      "tail": "2020预测与健康管理（PHM）研讨会"
    },
    {
      "head": "中国核动力研究设计院",
      "relation": "参加",
      "tail": "2020预测与健康管理（PHM）研讨会"
    },
    {
      "head": "山东科技大学",
      "relation": "参加",
      "tail": "2020预测与健康管理（PHM）研讨会"
    },
    {
      "head": "中国航空工业集团公司成都飞机设计研究所",
      "relation": "参加",
      "tail": "2020预测与健康管理（PHM）研讨会"
    },
    {
      "head": "华南理工大学",
      "relation": "参加",
      "tail": "2020预测与健康管理（PHM）研讨会"
    },
    {
      "head": "北京航空航天大学",
      "relation": "参加",
      "tail": "2020预测与健康管理（PHM）研讨会"
    },
    {
      "head": "智能健康管理技术",
      "relation": "应用于",
      "tail": "航空航天领域"
    },
    {
      "head": "故障诊断与预测",
      "relation": "应用于",
      "tail": "航空航天领域"
    },
    {
      "head": "维护决策与优化",
      "relation": "应用于",
      "tail": "航空航天领域"
    },
    {
      "head": "装备测试技术",
      "relation": "应用于",
      "tail": "航空航天领域"
    },
    {
      "head": "反应堆系统故障诊断技术",
      "relation": "应用于",
      "tail": "航空航天领域"
    },
    {
      "head": "先进战机预测与健康管理技术",
      "relation": "应用于",
      "tail": "航空航天领域"
    },
    {
      "head": "智能阴联汽车测试评价",
      "relation": "应用于",
      "tail": "航空航天领域"
    },
    {
      "head": "PHM工程实践",
      "relation": "面临挑战",
      "tail": "装备测试技术"
    }
  ]
}