{
  "entities": [
    {
      "name": "核主成分分析和深度置信网络",
      "type": "研究方法"
    },
    {
      "name": "航空发动机排气温度基线模型",
      "type": "模型"
    },
    {
      "name": "CFM56-7B发动机",
      "type": "系统/部件"
    },
    {
      "name": "快速存取数据",
      "type": "数据集"
    },
    {
      "name": "高斯函数",
      "type": "理论基础"
    },
    {
      "name": "航空发动机健康管理",
      "type": "研究领域"
    },
    {
      "name": "排气温度",
      "type": "传感器/监测参数"
    },
    {
      "name": "深度置信网络",
      "type": "模型"
    },
    {
      "name": "核主成分分析",
      "type": "模型"
    },
    {
      "name": "平均绝对误差",
      "type": "性能指标"
    }
  ],
  "relations": [
    {
      "head": "核主成分分析和深度置信网络",
      "relation": "用于",
      "tail": "航空发动机排气温度基线模型"
    },
    {
      "head": "航空发动机排气温度基线模型",
      "relation": "基于",
      "tail": "核主成分分析"
    },
    {
      "head": "航空发动机排气温度基线模型",
      "relation": "基于",
      "tail": "深度置信网络"
    },
    {
      "head": "核主成分分析",
      "relation": "采用",
      "tail": "高斯函数"
    },
    {
      "head": "航空发动机健康管理",
      "relation": "包括",
      "tail": "排气温度"
    },
    {
      "head": "航空发动机排气温度基线模型",
      "relation": "应用于",
      "tail": "航空发动机健康管理"
    },
    {
      "head": "快速存取数据",
      "relation": "支持",
      "tail": "航空发动机排气温度基线模型"
    },
    {
      "head": "深度置信网络",
      "relation": "改进了",
      "tail": "传统神经网络"
    },
    {
      "head": "核主成分分析",
      "relation": "改进了",
      "tail": "主成分分析"
    },
    {
      "head": "航空发动机排气温度基线模型",
      "relation": "评估指标为",
      "tail": "平均绝对误差"
    }
  ]
}