{
  "entities": [
    {
      "name": "航空发动机健康状态预测",
      "type": "研究方法"
    },
    {
      "name": "EnsembleBRB-SHAP模型",
      "type": "模型"
    },
    {
      "name": "置信规则库（Belief Rule-Based, BRB）",
      "type": "模型"
    },
    {
      "name": "沙普利加性解释（SHapley Additive exPlanations, SHAP）",
      "type": "理论基础"
    },
    {
      "name": "商用模块化航空推进系统仿真软件（C-MAPSS）",
      "type": "数据集"
    },
    {
      "name": "低压涡轮机冷却液泄漏量",
      "type": "传感器/监测参数"
    },
    {
      "name": "风扇转速",
      "type": "传感器/监测参数"
    },
    {
      "name": "均方根误差（MSE）",
      "type": "性能指标"
    },
    {
      "name": "集成学习算法",
      "type": "研究方法"
    },
    {
      "name": "物理模型（physics- based models, PbMs）",
      "type": "研究方法"
    },
    {
      "name": "数据驱动模型（data- driven models, DDMs）",
      "type": "研究方法"
    },
    {
      "name": "EnsembleBRB",
      "type": "模型"
    }
  ],
  "relations": [
    {
      "head": "航空发动机健康状态预测",
      "relation": "基于",
      "tail": "EnsembleBRB-SHAP模型"
    },
    {
      "head": "EnsembleBRB-SHAP模型",
      "relation": "结合了",
      "tail": "置信规则库（Belief Rule-Based, BRB）"
    },
    {
      "head": "EnsembleBRB-SHAP模型",
      "relation": "结合了",
      "tail": "沙普利加性解释（SHapley Additive exPlanations, SHAP）"
    },
    {
      "head": "航空发动机健康状态预测",
      "relation": "验证使用",
      "tail": "商用模块化航空推进系统仿真软件（C-MAPSS）"
    },
    {
      "head": "航空发动机健康状态预测",
      "relation": "关键参数包括",
      "tail": "低压涡轮机冷却液泄漏量"
    },
    {
      "head": "航空发动机健康状态预测",
      "relation": "关键参数包括",
      "tail": "风扇转速"
    },
    {
      "head": "EnsembleBRB模型",
      "relation": "评估指标为",
      "tail": "均方根误差（MSE）"
    },
    {
      "head": "航空发动机健康状态预测",
      "relation": "优于",
      "tail": "物理模型（physics- based models, PbMs）"
    },
    {
      "head": "航空发动机健康状态预测",
      "relation": "优于",
      "tail": "数据驱动模型（data- driven models, DDMs）"
    },
    {
      "head": "EnsembleBRB",
      "relation": "包含",
      "tail": "置信规则库（Belief Rule-Based, BRB）"
    }
  ]
}