{
  "entities": [
    {
      "name": "基于Copula相似性的航空发动机RUL预测方法",
      "type": "研究方法"
    },
    {
      "name": "航空发动机",
      "type": "系统/部件"
    },
    {
      "name": "Copula函数",
      "type": "理论基础"
    },
    {
      "name": "K-means聚类",
      "type": "算法"
    },
    {
      "name": "传感器",
      "type": "系统/部件"
    },
    {
      "name": "性能退化特征",
      "type": "特征/健康指标"
    },
    {
      "name": "非线性相关性",
      "type": "理论基础"
    },
    {
      "name": "C-MAPSS航空发动机仿真模型数据",
      "type": "数据集"
    },
    {
      "name": "预测精度",
      "type": "性能指标"
    },
    {
      "name": "预测与健康管理（PHM）",
      "type": "研究领域"
    },
    {
      "name": "NASA",
      "type": "应用场景"
    }
  ],
  "relations": [
    {
      "head": "基于Copula相似性的航空发动机RUL预测方法",
      "relation": "应用于",
      "tail": "航空发动机"
    },
    {
      "head": "基于Copula相似性的航空发动机RUL预测方法",
      "relation": "基于",
      "tail": "Copula函数"
    },
    {
      "head": "基于Copula相似性的航空发动机RUL预测方法",
      "relation": "利用",
      "tail": "K-means聚类"
    },
    {
      "head": "基于Copula相似性的航空发动机RUL预测方法",
      "relation": "处理",
      "tail": "性能退化特征"
    },
    {
      "head": "基于Copula相似性的航空发动机RUL预测方法",
      "relation": "考虑",
      "tail": "非线性相关性"
    },
    {
      "head": "基于Copula相似性的航空发动机RUL预测方法",
      "relation": "支持",
      "tail": "预测与健康管理（PHM）"
    },
    {
      "head": "基于Copula相似性的航空发动机RUL预测方法",
      "relation": "提高",
      "tail": "预测精度"
    },
    {
      "head": "基于Copula相似性的航空发动机RUL预测方法",
      "relation": "验证数据来源",
      "tail": "C-MAPSS航空发动机仿真模型数据"
    },
    {
      "head": "C-MAPSS航空发动机仿真模型数据",
      "relation": "来自",
      "tail": "NASA"
    }
  ]
}