{
  "entities": [
    {
      "name": "ARIMA模型",
      "type": "模型"
    },
    {
      "name": "民用航空发动机",
      "type": "系统/部件"
    },
    {
      "name": "振动故障",
      "type": "故障模式"
    },
    {
      "name": "回归分析法",
      "type": "研究方法"
    },
    {
      "name": "CFM56-7B发动机",
      "type": "系统/部件"
    },
    {
      "name": "QAR数据",
      "type": "数据集"
    },
    {
      "name": "N1转速",
      "type": "传感器/监测参数"
    },
    {
      "name": "低压涡轮振动",
      "type": "传感器/监测参数"
    },
    {
      "name": "时间序列分析",
      "type": "研究方法"
    },
    {
      "name": "指数模型",
      "type": "模型"
    },
    {
      "name": "三次多项式模型",
      "type": "模型"
    },
    {
      "name": "过程神经网络",
      "type": "模型"
    },
    {
      "name": "最小熵解卷积法",
      "type": "研究方法"
    },
    {
      "name": "随机森林法",
      "type": "算法"
    },
    {
      "name": "小波变换",
      "type": "理论基础"
    },
    {
      "name": "自相关和偏相关检验",
      "type": "研究方法"
    },
    {
      "name": "平稳性检验",
      "type": "研究方法"
    },
    {
      "name": "ADF检验",
      "type": "研究方法"
    },
    {
      "name": "白噪声",
      "type": "理论基础"
    },
    {
      "name": "三次指数平滑法",
      "type": "研究方法"
    }
  ],
  "relations": [
    {
      "head": "ARIMA模型",
      "relation": "应用于",
      "tail": "民用航空发动机"
    },
    {
      "head": "ARIMA模型",
      "relation": "预测",
      "tail": "振动故障"
    },
    {
      "head": "回归分析法",
      "relation": "结合",
      "tail": "ARIMA模型"
    },
    {
      "head": "QAR数据",
      "relation": "用于",
      "tail": "监控发动机运行状态"
    },
    {
      "head": "N1转速",
      "relation": "与",
      "tail": "低压涡轮振动"
    },
    {
      "head": "时间序列分析",
      "relation": "转化为",
      "tail": "振动故障预测问题"
    },
    {
      "head": "指数模型",
      "relation": "优于",
      "tail": "三次多项式模型"
    },
    {
      "head": "过程神经网络",
      "relation": "区别于",
      "tail": "ARIMA模型"
    },
    {
      "head": "最小熵解卷积法",
      "relation": "结合",
      "tail": "随机森林法"
    },
    {
      "head": "小波变换",
      "relation": "区别于",
      "tail": "ARIMA模型"
    },
    {
      "head": "自相关和偏相关检验",
      "relation": "用于",
      "tail": "模型定阶"
    },
    {
      "head": "平稳性检验",
      "relation": "包括",
      "tail": "ADF检验"
    },
    {
      "head": "ARIMA模型",
      "relation": "验证",
      "tail": "白噪声"
    },
    {
      "head": "ARIMA模型",
      "relation": "优于",
      "tail": "三次指数平滑法"
    }
  ]
}