{
  "entities": [
    {
      "name": "GJB289A总线",
      "type": "系统/部件"
    },
    {
      "name": "航空电子系统",
      "type": "系统/部件"
    },
    {
      "name": "总线网络",
      "type": "系统/部件"
    },
    {
      "name": "ADS软件",
      "type": "软件工具"
    },
    {
      "name": "有损耦合传输线模型",
      "type": "模型"
    },
    {
      "name": "两端口GJB289A总线网络模型",
      "type": "模型"
    },
    {
      "name": "分布参数模型",
      "type": "模型"
    },
    {
      "name": "耦合变压器",
      "type": "系统/部件"
    },
    {
      "name": "终端电阻",
      "type": "系统/部件"
    },
    {
      "name": "屏蔽双绞电缆",
      "type": "系统/部件"
    },
    {
      "name": "电气故障",
      "type": "故障模式"
    },
    {
      "name": "终端电阻超差故障",
      "type": "故障模式"
    },
    {
      "name": "耦合器故障",
      "type": "故障模式"
    },
    {
      "name": "电缆故障",
      "type": "故障模式"
    },
    {
      "name": "信号线Hi与屏蔽层短路",
      "type": "故障模式"
    },
    {
      "name": "信号线Lo与屏蔽层短路",
      "type": "故障模式"
    },
    {
      "name": "信号线Hi与Lo错接",
      "type": "故障模式"
    },
    {
      "name": "插入损耗",
      "type": "特征/健康指标"
    },
    {
      "name": "电压波形",
      "type": "传感器/监测参数"
    },
    {
      "name": "峰-峰值",
      "type": "特征/健康指标"
    },
    {
      "name": "上升时间",
      "type": "特征/健康指标"
    },
    {
      "name": "下降时间",
      "type": "特征/健康指标"
    },
    {
      "name": "过冲",
      "type": "特征/健康指标"
    },
    {
      "name": "下冲",
      "type": "特征/健康指标"
    },
    {
      "name": "总线检测设备",
      "type": "系统/部件"
    },
    {
      "name": "总线网络状态健康管理",
      "type": "应用场景"
    },
    {
      "name": "故障诊断",
      "type": "研究方法"
    },
    {
      "name": "仿真",
      "type": "研究方法"
    },
    {
      "name": "理论推导",
      "type": "理论基础"
    },
    {
      "name": "实验室实测",
      "type": "研究方法"
    }
  ],
  "relations": [
    {
      "head": "GJB289A总线",
      "relation": "用于实现",
      "tail": "航空电子系统"
    },
    {
      "head": "GJB289A总线",
      "relation": "影响",
      "tail": "航空电子系统"
    },
    {
      "head": "两端口GJB289A总线网络模型",
      "relation": "基于",
      "tail": "有损耦合传输线模型"
    },
    {
      "head": "两端口GJB289A总线网络模型",
      "relation": "构建于",
      "tail": "ADS软件"
    },
    {
      "head": "两端口GJB289A总线网络模型",
      "relation": "用于分析",
      "tail": "电气故障"
    },
    {
      "head": "分布参数模型",
      "relation": "仿真获取",
      "tail": "电压波形"
    },
    {
      "head": "分布参数模型",
      "relation": "仿真获取",
      "tail": "特征参数"
    },
    {
      "head": "分布参数模型",
      "relation": "提供技术支撑",
      "tail": "总线检测设备"
    },
    {
      "head": "分布参数模型",
      "relation": "提供技术支撑",
      "tail": "总线网络状态健康管理"
    },
    {
      "head": "仿真",
      "relation": "用于",
      "tail": "故障诊断"
    },
    {
      "head": "理论推导",
      "relation": "验证",
      "tail": "两端口GJB289A总线网络模型"
    },
    {
      "head": "实验室实测",
      "relation": "验证",
      "tail": "两端口GJB289A总线网络模型"
    },
    {
      "head": "终端电阻超差故障",
      "relation": "导致",
      "tail": "电压波形变化"
    },
    {
      "head": "耦合器故障",
      "relation": "导致",
      "tail": "过冲现象"
    },
    {
      "head": "电缆故障",
      "relation": "包括",
      "tail": "信号线Hi与屏蔽层短路"
    },
    {
      "head": "电缆故障",
      "relation": "包括",
      "tail": "信号线Lo与屏蔽层短路"
    },
    {
      "head": "电缆故障",
      "relation": "包括",
      "tail": "信号线Hi与Lo错接"
    },
    {
      "head": "信号线Lo与屏蔽层短路",
      "relation": "导致",
      "tail": "幅值减少"
    },
    {
      "head": "信号线Hi与屏蔽层短路",
      "relation": "导致",
      "tail": "尖峰脉冲"
    },
    {
      "head": "信号线Hi与Lo错接",
      "relation": "导致",
      "tail": "相位颠倒"
    }
  ]
}