{
  "entities": [
    {
      "name": "PHM",
      "type": "研究领域"
    },
    {
      "name": "故障预测与健康管理",
      "type": "研究领域"
    },
    {
      "name": "疲劳寿命预测",
      "type": "研究方法"
    },
    {
      "name": "失效物理模型",
      "type": "理论基础"
    },
    {
      "name": "应力严重系数",
      "type": "特征/健康指标"
    },
    {
      "name": "疲劳缺口系数",
      "type": "特征/健康指标"
    },
    {
      "name": "局部应力应变法",
      "type": "方法"
    },
    {
      "name": "修正Neuber法",
      "type": "方法"
    },
    {
      "name": "Manson-Coffin公式",
      "type": "理论基础"
    },
    {
      "name": "Newton-Raphson迭代方法",
      "type": "算法"
    },
    {
      "name": "飞机结构",
      "type": "系统/部件"
    },
    {
      "name": "连接件",
      "type": "系统/部件"
    },
    {
      "name": "紧固件",
      "type": "系统/部件"
    },
    {
      "name": "中心圆孔板件",
      "type": "系统/部件"
    },
    {
      "name": "疲劳失效",
      "type": "故障模式"
    },
    {
      "name": "疲劳破坏",
      "type": "故障模式"
    },
    {
      "name": "应力",
      "type": "传感器/监测参数"
    },
    {
      "name": "应变",
      "type": "传感器/监测参数"
    },
    {
      "name": "振动信号",
      "type": "传感器/监测参数"
    },
    {
      "name": "疲劳寿命",
      "type": "特征/健康指标"
    },
    {
      "name": "相对误差",
      "type": "性能指标"
    },
    {
      "name": "MTS Landmark试验机",
      "type": "软件工具"
    },
    {
      "name": "航空发动机",
      "type": "系统/部件"
    },
    {
      "name": "预测性维护",
      "type": "应用场景"
    }
  ],
  "relations": [
    {
      "head": "PHM",
      "relation": "应用于",
      "tail": "疲劳寿命预测"
    },
    {
      "head": "疲劳寿命预测",
      "relation": "基于",
      "tail": "失效物理模型"
    },
    {
      "head": "疲劳寿命预测",
      "relation": "求解",
      "tail": "应力严重系数"
    },
    {
      "head": "疲劳寿命预测",
      "relation": "求解",
      "tail": "疲劳缺口系数"
    },
    {
      "head": "局部应力应变法",
      "relation": "修正",
      "tail": "应变-寿命曲线"
    },
    {
      "head": "局部应力应变法",
      "relation": "适用于",
      "tail": "高周疲劳寿命预测"
    },
    {
      "head": "局部应力应变法",
      "relation": "适用于",
      "tail": "低周疲劳寿命预测"
    },
    {
      "head": "修正Neuber法",
      "relation": "用于",
      "tail": "局部应力应变法"
    },
    {
      "head": "Manson-Coffin公式",
      "relation": "描述",
      "tail": "应变-寿命曲线"
    },
    {
      "head": "Newton-Raphson迭代方法",
      "relation": "用于求解",
      "tail": "疲劳寿命"
    },
    {
      "head": "疲劳寿命预测",
      "relation": "应用于",
      "tail": "飞机结构"
    },
    {
      "head": "疲劳寿命预测",
      "relation": "应用于",
      "tail": "连接件"
    },
    {
      "head": "疲劳失效",
      "relation": "导致",
      "tail": "疲劳破坏"
    },
    {
      "head": "应力",
      "relation": "用于",
      "tail": "疲劳寿命预测"
    },
    {
      "head": "应变",
      "relation": "用于",
      "tail": "疲劳寿命预测"
    },
    {
      "head": "疲劳寿命预测",
      "relation": "评估指标为",
      "tail": "相对误差"
    },
    {
      "head": "MTS Landmark试验机",
      "relation": "用于",
      "tail": "疲劳试验"
    },
    {
      "head": "PHM",
      "relation": "支持",
      "tail": "预测性维护"
    }
  ]
}