{
  "entities": [
    {
      "name": "预测与健康管理（PHM）研讨会",
      "type": "会议"
    },
    {
      "name": "中国仪器仪表学会",
      "type": "机构"
    },
    {
      "name": "四川大学",
      "type": "高校"
    },
    {
      "name": "哈尔滨工业大学",
      "type": "高校"
    },
    {
      "name": "北京航空航天大学",
      "type": "高校"
    },
    {
      "name": "电子科技大学",
      "type": "高校"
    },
    {
      "name": "中国核动力研究院",
      "type": "研究所"
    },
    {
      "name": "华为技术有限公司",
      "type": "企业"
    },
    {
      "name": "四川大学电气工程学院",
      "type": "机构"
    },
    {
      "name": "四川省空天信息与智能装备国际科技合作基地",
      "type": "机构"
    },
    {
      "name": "中国仪器仪表学会电子测量与仪器分会",
      "type": "机构"
    },
    {
      "name": "中国电子学会电子测量与仪器分会",
      "type": "机构"
    },
    {
      "name": "成都",
      "type": "地点"
    },
    {
      "name": "状态监测与管理",
      "type": "研究方法"
    },
    {
      "name": "故障诊断与预测",
      "type": "研究方法"
    },
    {
      "name": "维护决策与优化",
      "type": "研究方法"
    },
    {
      "name": "装备测试技术",
      "type": "研究领域"
    },
    {
      "name": "航空航天领域智能健康管理技术",
      "type": "研究领域"
    },
    {
      "name": "反应堆系统故障诊断技术",
      "type": "研究领域"
    },
    {
      "name": "先进战机预测与健康管理技术",
      "type": "研究领域"
    },
    {
      "name": "智能阴联汽车测试评价发展现状及思考",
      "type": "研究领域"
    },
    {
      "name": "PHM工程实践",
      "type": "研究领域"
    }
  ],
  "relations": [
    {
      "head": "预测与健康管理（PHM）研讨会",
      "relation": "举办于",
      "tail": "成都"
    },
    {
      "head": "预测与健康管理（PHM）研讨会",
      "relation": "由...主办",
      "tail": "中国仪器仪表学会"
    },
    {
      "head": "四川大学",
      "relation": "参加",
      "tail": "预测与健康管理（PHM）研讨会"
    },
    {
      "head": "哈尔滨工业大学",
      "relation": "参加",
      "tail": "预测与健康管理（PHM）研讨会"
    },
    {
      "head": "北京航空航天大学",
      "relation": "参加",
      "tail": "预测与健康管理（PHM）研讨会"
    },
    {
      "head": "电子科技大学",
      "relation": "参加",
      "tail": "预测与健康管理（PHM）研讨会"
    },
    {
      "head": "中国核动力研究院",
      "relation": "参加",
      "tail": "预测与健康管理（PHM）研讨会"
    },
    {
      "head": "华为技术有限公司",
      "relation": "参加",
      "tail": "预测与健康管理（PHM）研讨会"
    },
    {
      "head": "预测与健康管理（PHM）研讨会",
      "relation": "承办",
      "tail": "四川大学电气工程学院"
    },
    {
      "head": "预测与健康管理（PHM）研讨会",
      "relation": "承办",
      "tail": "四川省空天信息与智能装备国际科技合作基地"
    },
    {
      "head": "预测与健康管理（PHM）研讨会",
      "relation": "承办",
      "tail": "中国仪器仪表学会电子测量与仪器分会"
    },
    {
      "head": "预测与健康管理（PHM）研讨会",
      "relation": "承办",
      "tail": "中国电子学会电子测量与仪器分会"
    },
    {
      "head": "预测与健康管理（PHM）研讨会",
      "relation": "围绕",
      "tail": "状态监测与管理"
    },
    {
      "head": "预测与健康管理（PHM）研讨会",
      "relation": "围绕",
      "tail": "故障诊断与预测"
    },
    {
      "head": "预测与健康管理（PHM）研讨会",
      "relation": "围绕",
      "tail": "维护决策与优化"
    },
    {
      "head": "预测与健康管理（PHM）研讨会",
      "relation": "涵盖",
      "tail": "航空航天领域智能健康管理技术"
    },
    {
      "head": "预测与健康管理（PHM）研讨会",
      "relation": "涵盖",
      "tail": "反应堆系统故障诊断技术"
    },
    {
      "head": "预测与健康管理（PHM）研讨会",
      "relation": "涵盖",
      "tail": "先进战机预测与健康管理技术"
    },
    {
      "head": "预测与健康管理（PHM）研讨会",
      "relation": "涵盖",
      "tail": "智能阴联汽车测试评价发展现状及思考"
    },
    {
      "head": "预测与健康管理（PHM）研讨会",
      "relation": "针对",
      "tail": "PHM工程实践"
    },
    {
      "head": "预测与健康管理（PHM）研讨会",
      "relation": "促进",
      "tail": "高校、研究所、企业间的合作"
    },
    {
      "head": "预测与健康管理（PHM）研讨会",
      "relation": "推动",
      "tail": "装备测试技术的成熟与发展"
    }
  ]
}