{
  "entities": [
    {
      "name": "Copula相似性",
      "type": "方法"
    },
    {
      "name": "航空发动机",
      "type": "系统/部件"
    },
    {
      "name": "剩余使用寿命预测",
      "type": "研究方法"
    },
    {
      "name": "K-means聚类",
      "type": "算法"
    },
    {
      "name": "退化模型",
      "type": "模型"
    },
    {
      "name": "传感器",
      "type": "传感器/监测参数"
    },
    {
      "name": "Copula函数",
      "type": "理论基础"
    },
    {
      "name": "非线性相关关系",
      "type": "理论基础"
    },
    {
      "name": "性能退化特征",
      "type": "特征/健康指标"
    },
    {
      "name": "C-MAPSS数据集",
      "type": "数据集"
    },
    {
      "name": "预测误差",
      "type": "性能指标"
    },
    {
      "name": "预测精度",
      "type": "性能指标"
    },
    {
      "name": "传统方法",
      "type": "方法"
    },
    {
      "name": "线性退化模型",
      "type": "模型"
    },
    {
      "name": "Kendall秩相关系数",
      "type": "特征/健康指标"
    },
    {
      "name": "Akaike信息准则",
      "type": "性能指标"
    },
    {
      "name": "Frank Copula",
      "type": "模型"
    },
    {
      "name": "Clayton Copula",
      "type": "模型"
    },
    {
      "name": "Gumbel Copula",
      "type": "模型"
    },
    {
      "name": "Joe Copula",
      "type": "模型"
    },
    {
      "name": "Ps30",
      "type": "传感器/监测参数"
    },
    {
      "name": "T50",
      "type": "传感器/监测参数"
    },
    {
      "name": "BPR",
      "type": "传感器/监测参数"
    },
    {
      "name": "预测与健康管理",
      "type": "研究领域"
    }
  ],
  "relations": [
    {
      "head": "Copula相似性",
      "relation": "提出了",
      "tail": "剩余使用寿命预测方法"
    },
    {
      "head": "剩余使用寿命预测",
      "relation": "应用于",
      "tail": "航空发动机"
    },
    {
      "head": "K-means聚类",
      "relation": "用于",
      "tail": "工作状态分类"
    },
    {
      "head": "退化模型",
      "relation": "建立",
      "tail": "传感器选择"
    },
    {
      "head": "Copula函数",
      "relation": "用于",
      "tail": "相关性建模"
    },
    {
      "head": "Copula相似性",
      "relation": "基于",
      "tail": "Copula函数"
    },
    {
      "head": "Copula相似性",
      "relation": "改进了",
      "tail": "传统方法"
    },
    {
      "head": "Copula相似性",
      "relation": "减少",
      "tail": "预测误差"
    },
    {
      "head": "Copula相似性",
      "relation": "提高",
      "tail": "预测精度"
    },
    {
      "head": "线性退化模型",
      "relation": "构建",
      "tail": "退化模型"
    },
    {
      "head": "Kendall秩相关系数",
      "relation": "用于",
      "tail": "相似性度量"
    },
    {
      "head": "Akaike信息准则",
      "relation": "用于",
      "tail": "Copula函数选择"
    },
    {
      "head": "C-MAPSS数据集",
      "relation": "支持",
      "tail": "剩余使用寿命预测"
    },
    {
      "head": "性能退化特征",
      "relation": "影响",
      "tail": "剩余使用寿命预测"
    },
    {
      "head": "非线性相关关系",
      "relation": "考虑",
      "tail": "Copula相似性"
    },
    {
      "head": "传感器",
      "relation": "用于",
      "tail": "性能监测"
    },
    {
      "head": "Ps30",
      "relation": "是",
      "tail": "传感器"
    },
    {
      "head": "T50",
      "relation": "是",
      "tail": "传感器"
    },
    {
      "head": "BPR",
      "relation": "是",
      "tail": "传感器"
    },
    {
      "head": "Frank Copula",
      "relation": "是",
      "tail": "Copula函数"
    },
    {
      "head": "Clayton Copula",
      "relation": "是",
      "tail": "Copula函数"
    },
    {
      "head": "Gumbel Copula",
      "relation": "是",
      "tail": "Copula函数"
    },
    {
      "head": "Joe Copula",
      "relation": "是",
      "tail": "Copula函数"
    }
  ]
}