{
  "entities": [
    {
      "name": "EnsembleBRB-SHAP",
      "type": "模型"
    },
    {
      "name": "航空发动机",
      "type": "系统/部件"
    },
    {
      "name": "健康状态预测",
      "type": "研究方法"
    },
    {
      "name": "置信规则库",
      "type": "模型"
    },
    {
      "name": "集成学习",
      "type": "理论基础"
    },
    {
      "name": "SHAP",
      "type": "理论基础"
    },
    {
      "name": "数据驱动方法",
      "type": "研究方法"
    },
    {
      "name": "C-MAPSS数据集",
      "type": "数据集"
    },
    {
      "name": "均方根误差",
      "type": "性能指标"
    },
    {
      "name": "低压涡轮机冷却液泄漏量",
      "type": "传感器/监测参数"
    },
    {
      "name": "风扇转速",
      "type": "传感器/监测参数"
    },
    {
      "name": "高压压缩机出口燃料流量与静压比",
      "type": "传感器/监测参数"
    },
    {
      "name": "高压压缩机出口静态压力",
      "type": "传感器/监测参数"
    },
    {
      "name": "低压压缩机出口温度",
      "type": "传感器/监测参数"
    },
    {
      "name": "校正后的核心转速",
      "type": "传感器/监测参数"
    },
    {
      "name": "高压压缩机出口温度",
      "type": "传感器/监测参数"
    },
    {
      "name": "涵道比",
      "type": "传感器/监测参数"
    },
    {
      "name": "核心转速",
      "type": "传感器/监测参数"
    },
    {
      "name": "校正后的风扇转速",
      "type": "传感器/监测参数"
    },
    {
      "name": "排气",
      "type": "传感器/监测参数"
    },
    {
      "name": "发动机健康管理",
      "type": "研究领域"
    },
    {
      "name": "可解释性",
      "type": "特征/健康指标"
    },
    {
      "name": "Bagging框架",
      "type": "算法"
    },
    {
      "name": "KernelSHAP",
      "type": "算法"
    },
    {
      "name": "Python",
      "type": "软件工具"
    }
  ],
  "relations": [
    {
      "head": "EnsembleBRB-SHAP",
      "relation": "提出了",
      "tail": "健康状态预测"
    },
    {
      "head": "健康状态预测",
      "relation": "应用于",
      "tail": "航空发动机"
    },
    {
      "head": "EnsembleBRB-SHAP",
      "relation": "基于",
      "tail": "置信规则库"
    },
    {
      "head": "EnsembleBRB-SHAP",
      "relation": "基于",
      "tail": "集成学习"
    },
    {
      "head": "EnsembleBRB-SHAP",
      "relation": "基于",
      "tail": "SHAP"
    },
    {
      "head": "健康状态预测",
      "relation": "采用",
      "tail": "数据驱动方法"
    },
    {
      "head": "健康状态预测",
      "relation": "利用",
      "tail": "C-MAPSS数据集"
    },
    {
      "head": "健康状态预测",
      "relation": "评估指标为",
      "tail": "均方根误差"
    },
    {
      "head": "SHAP",
      "relation": "用于",
      "tail": "可解释性分析"
    },
    {
      "head": "低压涡轮机冷却液泄漏量",
      "relation": "影响",
      "tail": "健康状态预测"
    },
    {
      "head": "风扇转速",
      "relation": "影响",
      "tail": "健康状态预测"
    },
    {
      "head": "高压压缩机出口燃料流量与静压比",
      "relation": "影响",
      "tail": "健康状态预测"
    },
    {
      "head": "集成学习",
      "relation": "采用",
      "tail": "Bagging框架"
    },
    {
      "head": "SHAP",
      "relation": "实现",
      "tail": "局部可解释性"
    },
    {
      "head": "SHAP",
      "relation": "实现",
      "tail": "全局可解释性"
    },
    {
      "head": "Python",
      "relation": "用于",
      "tail": "SHAP分析"
    },
    {
      "head": "KernelSHAP",
      "relation": "用于",
      "tail": "SHAP值计算"
    },
    {
      "head": "健康状态预测",
      "relation": "支持",
      "tail": "发动机健康管理"
    },
    {
      "head": "高压压缩机出口静态压力",
      "relation": "影响较小",
      "tail": "健康状态预测"
    },
    {
      "head": "低压压缩机出口温度",
      "relation": "影响较小",
      "tail": "健康状态预测"
    },
    {
      "head": "校正后的核心转速",
      "relation": "影响较小",
      "tail": "健康状态预测"
    },
    {
      "head": "高压压缩机出口温度",
      "relation": "影响较小",
      "tail": "健康状态预测"
    },
    {
      "head": "涵道比",
      "relation": "影响较小",
      "tail": "健康状态预测"
    },
    {
      "head": "风扇转速",
      "relation": "与",
      "tail": "校正后的风扇转速"
    },
    {
      "head": "核心转速",
      "relation": "与",
      "tail": "校正后的核心转速"
    },
    {
      "head": "排气",
      "relation": "存在最优值",
      "tail": "健康状态预测"
    }
  ]
}