{
  "entities": [
    {
      "name": "ARIMA模型",
      "type": "模型"
    },
    {
      "name": "回归分析法",
      "type": "研究方法"
    },
    {
      "name": "民用航空发动机",
      "type": "系统/部件"
    },
    {
      "name": "低压转子",
      "type": "系统/部件"
    },
    {
      "name": "振动故障",
      "type": "故障模式"
    },
    {
      "name": "振动值",
      "type": "传感器/监测参数"
    },
    {
      "name": "N1转速",
      "type": "传感器/监测参数"
    },
    {
      "name": "指数模型",
      "type": "模型"
    },
    {
      "name": "时间序列分析",
      "type": "研究方法"
    },
    {
      "name": "可决系数",
      "type": "性能指标"
    },
    {
      "name": "均方根误差",
      "type": "性能指标"
    },
    {
      "name": "平均绝对误差",
      "type": "性能指标"
    },
    {
      "name": "最大绝对误差",
      "type": "性能指标"
    },
    {
      "name": "三次指数平滑法",
      "type": "模型"
    },
    {
      "name": "专家建模器",
      "type": "软件工具"
    },
    {
      "name": "故障预测",
      "type": "研究方法"
    },
    {
      "name": "QAR数据",
      "type": "数据集"
    },
    {
      "name": "CFM56-7B发动机",
      "type": "系统/部件"
    },
    {
      "name": "波音737-800型飞机",
      "type": "系统/部件"
    },
    {
      "name": "振动-转速特性",
      "type": "特征/健康指标"
    },
    {
      "name": "ADF检验",
      "type": "研究方法"
    },
    {
      "name": "平稳性检验",
      "type": "研究方法"
    },
    {
      "name": "差分法",
      "type": "研究方法"
    },
    {
      "name": "自相关图",
      "type": "特征/健康指标"
    },
    {
      "name": "偏自相关图",
      "type": "特征/健康指标"
    },
    {
      "name": "贝叶斯信息准则",
      "type": "性能指标"
    },
    {
      "name": "残差序列",
      "type": "特征/健康指标"
    },
    {
      "name": "白噪声",
      "type": "理论基础"
    },
    {
      "name": "发动机维护方案",
      "type": "应用场景"
    }
  ],
  "relations": [
    {
      "head": "ARIMA模型",
      "relation": "应用于",
      "tail": "振动故障预测"
    },
    {
      "head": "回归分析法",
      "relation": "用于",
      "tail": "振动-转速特性拟合"
    },
    {
      "head": "指数模型",
      "relation": "基于",
      "tail": "回归分析法"
    },
    {
      "head": "ARIMA模型",
      "relation": "基于",
      "tail": "时间序列分析"
    },
    {
      "head": "ARIMA模型",
      "relation": "预测",
      "tail": "振动故障"
    },
    {
      "head": "振动值",
      "relation": "与",
      "tail": "N1转速"
    },
    {
      "head": "指数模型",
      "relation": "提取",
      "tail": "系数a"
    },
    {
      "head": "系数a",
      "relation": "组成",
      "tail": "时间序列"
    },
    {
      "head": "ARIMA模型",
      "relation": "优于",
      "tail": "三次指数平滑法"
    },
    {
      "head": "专家建模器",
      "relation": "生成",
      "tail": "ARIMA模型"
    },
    {
      "head": "可决系数",
      "relation": "评估",
      "tail": "拟合效果"
    },
    {
      "head": "均方根误差",
      "relation": "评估",
      "tail": "模型性能"
    },
    {
      "head": "平均绝对误差",
      "relation": "评估",
      "tail": "模型性能"
    },
    {
      "head": "最大绝对误差",
      "relation": "评估",
      "tail": "模型性能"
    },
    {
      "head": "ADF检验",
      "relation": "用于",
      "tail": "平稳性检验"
    },
    {
      "head": "差分法",
      "relation": "用于",
      "tail": "序列平稳化"
    },
    {
      "head": "自相关图",
      "relation": "用于",
      "tail": "模型定阶"
    },
    {
      "head": "偏自相关图",
      "relation": "用于",
      "tail": "模型定阶"
    },
    {
      "head": "贝叶斯信息准则",
      "relation": "用于",
      "tail": "模型选择"
    },
    {
      "head": "残差序列",
      "relation": "检验为",
      "tail": "白噪声"
    },
    {
      "head": "ARIMA模型",
      "relation": "支持",
      "tail": "发动机维护方案"
    },
    {
      "head": "振动故障",
      "relation": "影响",
      "tail": "民用航空发动机"
    },
    {
      "head": "QAR数据",
      "relation": "提供",
      "tail": "振动值和N1转速"
    }
  ]
}