{
  "entities": [
    {
      "name": "KPCA-DBN混合模型",
      "type": "模型"
    },
    {
      "name": "核主成分分析",
      "type": "方法"
    },
    {
      "name": "深度置信网络",
      "type": "模型"
    },
    {
      "name": "航空发动机",
      "type": "系统/部件"
    },
    {
      "name": "排气温度",
      "type": "传感器/监测参数"
    },
    {
      "name": "EGT基线模型",
      "type": "模型"
    },
    {
      "name": "QAR数据",
      "type": "数据集"
    },
    {
      "name": "CFM56-7B发动机",
      "type": "系统/部件"
    },
    {
      "name": "高斯核函数",
      "type": "算法"
    },
    {
      "name": "受限玻尔兹曼机",
      "type": "模型"
    },
    {
      "name": "反向传播网络",
      "type": "模型"
    },
    {
      "name": "平均绝对误差",
      "type": "性能指标"
    },
    {
      "name": "遗传算法优化的BP神经网络",
      "type": "模型"
    },
    {
      "name": "传统神经网络",
      "type": "模型"
    },
    {
      "name": "发动机健康管理",
      "type": "研究领域"
    },
    {
      "name": "气路监控",
      "type": "研究方法"
    },
    {
      "name": "非线性特征提取",
      "type": "方法"
    },
    {
      "name": "数据降维",
      "type": "方法"
    },
    {
      "name": "主成分分析",
      "type": "方法"
    },
    {
      "name": "核方法",
      "type": "理论基础"
    },
    {
      "name": "深度学习",
      "type": "理论基础"
    },
    {
      "name": "机器学习",
      "type": "理论基础"
    },
    {
      "name": "信号处理理论",
      "type": "理论基础"
    },
    {
      "name": "概率统计理论",
      "type": "理论基础"
    },
    {
      "name": "燃油流量",
      "type": "传感器/监测参数"
    },
    {
      "name": "高压转子转速",
      "type": "传感器/监测参数"
    },
    {
      "name": "飞行高度",
      "type": "传感器/监测参数"
    },
    {
      "name": "大气总温",
      "type": "传感器/监测参数"
    },
    {
      "name": "滑油量",
      "type": "传感器/监测参数"
    },
    {
      "name": "滑油压力",
      "type": "传感器/监测参数"
    },
    {
      "name": "滑油温度",
      "type": "传感器/监测参数"
    },
    {
      "name": "低压转速",
      "type": "传感器/监测参数"
    },
    {
      "name": "燃油计量活门",
      "type": "传感器/监测参数"
    },
    {
      "name": "高压压气机出口压力",
      "type": "传感器/监测参数"
    },
    {
      "name": "高压压气机出口温度",
      "type": "传感器/监测参数"
    },
    {
      "name": "低压压气机进口温度",
      "type": "传感器/监测参数"
    },
    {
      "name": "低压压气机出口温度",
      "type": "传感器/监测参数"
    },
    {
      "name": "马赫数",
      "type": "传感器/监测参数"
    },
    {
      "name": "可调静子叶片",
      "type": "传感器/监测参数"
    },
    {
      "name": "燃烧室",
      "type": "系统/部件"
    },
    {
      "name": "涡轮叶片",
      "type": "系统/部件"
    },
    {
      "name": "尾喷管",
      "type": "系统/部件"
    },
    {
      "name": "疲劳裂纹",
      "type": "故障模式"
    },
    {
      "name": "腐蚀",
      "type": "故障模式"
    },
    {
      "name": "过热",
      "type": "故障模式"
    },
    {
      "name": "振动异常",
      "type": "故障模式"
    },
    {
      "name": "性能退化",
      "type": "故障模式"
    },
    {
      "name": "健康状态评估",
      "type": "研究方法"
    },
    {
      "name": "预测性维护",
      "type": "应用场景"
    },
    {
      "name": "故障诊断",
      "type": "研究方法"
    },
    {
      "name": "状态监测",
      "type": "研究方法"
    },
    {
      "name": "性能评估",
      "type": "研究方法"
    },
    {
      "name": "MATLAB",
      "type": "软件工具"
    },
    {
      "name": "Python",
      "type": "软件工具"
    },
    {
      "name": "TensorFlow",
      "type": "软件工具"
    },
    {
      "name": "PyTorch",
      "type": "软件工具"
    }
  ],
  "relations": [
    {
      "head": "KPCA-DBN混合模型",
      "relation": "提出了",
      "tail": "核主成分分析和深度置信网络相结合的建模方法"
    },
    {
      "head": "KPCA-DBN混合模型",
      "relation": "用于",
      "tail": "航空发动机排气温度基线建模"
    },
    {
      "head": "核主成分分析",
      "relation": "基于",
      "tail": "核方法"
    },
    {
      "head": "核主成分分析",
      "relation": "用于",
      "tail": "非线性特征提取"
    },
    {
      "head": "核主成分分析",
      "relation": "改进了",
      "tail": "主成分分析"
    },
    {
      "head": "深度置信网络",
      "relation": "基于",
      "tail": "深度学习"
    },
    {
      "head": "深度置信网络",
      "relation": "包含",
      "tail": "受限玻尔兹曼机"
    },
    {
      "head": "深度置信网络",
      "relation": "包含",
      "tail": "反向传播网络"
    },
    {
      "head": "受限玻尔兹曼机",
      "relation": "用于",
      "tail": "数据重构"
    },
    {
      "head": "反向传播网络",
      "relation": "用于",
      "tail": "权值微调"
    },
    {
      "head": "KPCA-DBN混合模型",
      "relation": "基于",
      "tail": "QAR数据"
    },
    {
      "head": "QAR数据",
      "relation": "来源于",
      "tail": "CFM56-7B发动机"
    },
    {
      "head": "KPCA-DBN混合模型",
      "relation": "用于",
      "tail": "发动机健康管理"
    },
    {
      "head": "发动机健康管理",
      "relation": "包括",
      "tail": "气路监控"
    },
    {
      "head": "排气温度",
      "relation": "是",
      "tail": "气路参数"
    },
    {
      "head": "排气温度",
      "relation": "用于",
      "tail": "健康状态评估"
    },
    {
      "head": "KPCA-DBN混合模型",
      "relation": "优于",
      "tail": "遗传算法优化的BP神经网络"
    },
    {
      "head": "KPCA-DBN混合模型",
      "relation": "优于",
      "tail": "传统神经网络"
    },
    {
      "head": "KPCA-DBN混合模型",
      "relation": "提高了",
      "tail": "模型精度"
    },
    {
      "head": "KPCA-DBN混合模型",
      "relation": "降低了",
      "tail": "网络结构复杂度"
    },
    {
      "head": "平均绝对误差",
      "relation": "用于评估",
      "tail": "KPCA-DBN混合模型"
    },
    {
      "head": "核主成分分析",
      "relation": "采用",
      "tail": "高斯核函数"
    },
    {
      "head": "KPCA-DBN混合模型",
      "relation": "应用于",
      "tail": "预测性维护"
    },
    {
      "head": "KPCA-DBN混合模型",
      "relation": "支持",
      "tail": "故障诊断"
    },
    {
      "head": "KPCA-DBN混合模型",
      "relation": "支持",
      "tail": "状态监测"
    },
    {
      "head": "KPCA-DBN混合模型",
      "relation": "支持",
      "tail": "性能评估"
    }
  ]
}