{
  "entities": [
    {
      "name": "综合模块化航空电子系统",
      "type": "系统/部件"
    },
    {
      "name": "AFDX网络",
      "type": "系统/部件"
    },
    {
      "name": "故障注入技术",
      "type": "研究方法"
    },
    {
      "name": "健康管理功能",
      "type": "研究方法"
    },
    {
      "name": "故障数据配置管理方法",
      "type": "方法"
    },
    {
      "name": "定时发送策略",
      "type": "方法"
    },
    {
      "name": "故障注入装置",
      "type": "系统/部件"
    },
    {
      "name": "故障注入软件",
      "type": "软件工具"
    },
    {
      "name": "PC主机",
      "type": "系统/部件"
    },
    {
      "name": "AFDX端系统板卡",
      "type": "系统/部件"
    },
    {
      "name": "AFDX交换机",
      "type": "系统/部件"
    },
    {
      "name": "嵌入式系统",
      "type": "系统/部件"
    },
    {
      "name": "SQLite数据库",
      "type": "软件工具"
    },
    {
      "name": "接口控制文件",
      "type": "软件工具"
    },
    {
      "name": "功能数据集合",
      "type": "方法"
    },
    {
      "name": "多媒体定时器",
      "type": "方法"
    },
    {
      "name": "SetTimer函数",
      "type": "方法"
    },
    {
      "name": "Visual C++",
      "type": "软件工具"
    },
    {
      "name": "MFC框架",
      "type": "软件工具"
    },
    {
      "name": "Copilot软件",
      "type": "软件工具"
    },
    {
      "name": "非法数据输入",
      "type": "故障模式"
    },
    {
      "name": "特殊信令输入",
      "type": "故障模式"
    },
    {
      "name": "数据更新间隔",
      "type": "特征/健康指标"
    },
    {
      "name": "发送间隔",
      "type": "特征/健康指标"
    },
    {
      "name": "BAG",
      "type": "特征/健康指标"
    },
    {
      "name": "均方误差",
      "type": "性能指标"
    },
    {
      "name": "定时精度",
      "type": "性能指标"
    }
  ],
  "relations": [
    {
      "head": "故障注入技术",
      "relation": "用于",
      "tail": "健康管理功能验证"
    },
    {
      "head": "故障注入技术",
      "relation": "基于",
      "tail": "AFDX网络"
    },
    {
      "head": "故障注入技术",
      "relation": "包含",
      "tail": "故障数据配置管理方法"
    },
    {
      "head": "故障注入技术",
      "relation": "包含",
      "tail": "定时发送策略"
    },
    {
      "head": "故障注入技术",
      "relation": "搭建了",
      "tail": "故障注入装置"
    },
    {
      "head": "故障注入技术",
      "relation": "开发了",
      "tail": "故障注入软件"
    },
    {
      "head": "故障注入装置",
      "relation": "由...组成",
      "tail": "PC主机"
    },
    {
      "head": "故障注入装置",
      "relation": "由...组成",
      "tail": "AFDX交换机"
    },
    {
      "head": "故障注入装置",
      "relation": "由...组成",
      "tail": "嵌入式系统"
    },
    {
      "head": "故障数据配置管理方法",
      "relation": "利用",
      "tail": "SQLite数据库"
    },
    {
      "head": "故障数据配置管理方法",
      "relation": "基于",
      "tail": "接口控制文件"
    },
    {
      "head": "故障数据配置管理方法",
      "relation": "采用",
      "tail": "功能数据集合"
    },
    {
      "head": "定时发送策略",
      "relation": "解决",
      "tail": "数据更新间隔与定时器周期不匹配"
    },
    {
      "head": "定时发送策略",
      "relation": "基于",
      "tail": "多媒体定时器"
    },
    {
      "head": "多媒体定时器",
      "relation": "优于",
      "tail": "SetTimer函数"
    },
    {
      "head": "故障注入软件",
      "relation": "开发于",
      "tail": "Visual C++"
    },
    {
      "head": "故障注入软件",
      "relation": "使用",
      "tail": "MFC框架"
    },
    {
      "head": "故障注入软件",
      "relation": "用于",
      "tail": "故障注入操作"
    },
    {
      "head": "Copilot软件",
      "relation": "用于",
      "tail": "消息监控"
    },
    {
      "head": "非法数据输入",
      "relation": "用于",
      "tail": "故障注入"
    },
    {
      "head": "特殊信令输入",
      "relation": "用于",
      "tail": "故障注入"
    },
    {
      "head": "定时发送策略",
      "relation": "提高了",
      "tail": "定时精度"
    },
    {
      "head": "定时精度",
      "relation": "评估指标为",
      "tail": "均方误差"
    }
  ]
}