{
  "entities": [
    {
      "name": "Caps-BiGRU-Attention模型",
      "type": "模型"
    },
    {
      "name": "胶囊网络",
      "type": "模型"
    },
    {
      "name": "BiGRU",
      "type": "模型"
    },
    {
      "name": "SE注意力机制",
      "type": "模型"
    },
    {
      "name": "直升机涡轮发动机",
      "type": "系统/部件"
    },
    {
      "name": "故障诊断",
      "type": "研究方法"
    },
    {
      "name": "扭矩裕度预测",
      "type": "研究方法"
    },
    {
      "name": "SHAP模型",
      "type": "模型"
    },
    {
      "name": "贝塔分布",
      "type": "理论基础"
    },
    {
      "name": "交叉熵损失函数",
      "type": "理论基础"
    },
    {
      "name": "均方误差",
      "type": "性能指标"
    },
    {
      "name": "准确率",
      "type": "性能指标"
    },
    {
      "name": "外部空气温度",
      "type": "传感器/监测参数"
    },
    {
      "name": "平均气体温度",
      "type": "传感器/监测参数"
    },
    {
      "name": "可用功率",
      "type": "传感器/监测参数"
    },
    {
      "name": "指示空速",
      "type": "传感器/监测参数"
    },
    {
      "name": "净功率",
      "type": "传感器/监测参数"
    },
    {
      "name": "压缩机转速",
      "type": "传感器/监测参数"
    },
    {
      "name": "测量扭矩",
      "type": "传感器/监测参数"
    },
    {
      "name": "故障模式",
      "type": "故障模式"
    },
    {
      "name": "扭矩裕度",
      "type": "特征/健康指标"
    },
    {
      "name": "健康状态",
      "type": "特征/健康指标"
    },
    {
      "name": "TensorFlow",
      "type": "软件工具"
    },
    {
      "name": "Python",
      "type": "软件工具"
    },
    {
      "name": "深度学习",
      "type": "理论基础"
    },
    {
      "name": "概率分布拟合",
      "type": "研究方法"
    },
    {
      "name": "特征分析",
      "type": "研究方法"
    },
    {
      "name": "健康管理",
      "type": "研究领域"
    },
    {
      "name": "CNN-BiGRU-Attention",
      "type": "模型"
    },
    {
      "name": "CNN-BiLstm",
      "type": "模型"
    },
    {
      "name": "CNN-BiGRU",
      "type": "模型"
    },
    {
      "name": "Random Forest",
      "type": "模型"
    }
  ],
  "relations": [
    {
      "head": "Caps-BiGRU-Attention模型",
      "relation": "提出了",
      "tail": "故障诊断"
    },
    {
      "head": "Caps-BiGRU-Attention模型",
      "relation": "提出了",
      "tail": "扭矩裕度预测"
    },
    {
      "head": "Caps-BiGRU-Attention模型",
      "relation": "基于",
      "tail": "胶囊网络"
    },
    {
      "head": "Caps-BiGRU-Attention模型",
      "relation": "基于",
      "tail": "BiGRU"
    },
    {
      "head": "Caps-BiGRU-Attention模型",
      "relation": "基于",
      "tail": "SE注意力机制"
    },
    {
      "head": "胶囊网络",
      "relation": "用于捕捉",
      "tail": "输入数据的内在关系"
    },
    {
      "head": "BiGRU",
      "relation": "用于提取",
      "tail": "时间序列特征"
    },
    {
      "head": "SE注意力机制",
      "relation": "用于加权",
      "tail": "特征"
    },
    {
      "head": "故障诊断",
      "relation": "应用于",
      "tail": "直升机涡轮发动机"
    },
    {
      "head": "扭矩裕度预测",
      "relation": "应用于",
      "tail": "直升机涡轮发动机"
    },
    {
      "head": "Caps-BiGRU-Attention模型",
      "relation": "优于",
      "tail": "CNN-BiGRU-Attention"
    },
    {
      "head": "Caps-BiGRU-Attention模型",
      "relation": "优于",
      "tail": "CNN-BiLstm"
    },
    {
      "head": "Caps-BiGRU-Attention模型",
      "relation": "优于",
      "tail": "CNN-BiGRU"
    },
    {
      "head": "Caps-BiGRU-Attention模型",
      "relation": "优于",
      "tail": "Random Forest"
    },
    {
      "head": "Caps-BiGRU-Attention模型",
      "relation": "评估指标为",
      "tail": "准确率"
    },
    {
      "head": "Caps-BiGRU-Attention模型",
      "relation": "评估指标为",
      "tail": "均方误差"
    },
    {
      "head": "SHAP模型",
      "relation": "用于分析",
      "tail": "特征影响"
    },
    {
      "head": "外部空气温度",
      "relation": "影响",
      "tail": "故障模式"
    },
    {
      "head": "平均气体温度",
      "relation": "影响",
      "tail": "故障模式"
    },
    {
      "head": "测量扭矩",
      "relation": "影响",
      "tail": "故障模式"
    },
    {
      "head": "故障模式",
      "relation": "影响",
      "tail": "扭矩裕度"
    },
    {
      "head": "净功率",
      "relation": "影响",
      "tail": "扭矩裕度"
    },
    {
      "head": "指示空速",
      "relation": "影响",
      "tail": "扭矩裕度"
    },
    {
      "head": "概率分布拟合",
      "relation": "用于确定",
      "tail": "贝塔分布"
    },
    {
      "head": "贝塔分布",
      "relation": "用于描述",
      "tail": "扭矩裕度分布"
    },
    {
      "head": "健康管理",
      "relation": "基于",
      "tail": "特征分析"
    },
    {
      "head": "健康管理",
      "relation": "基于",
      "tail": "概率分布拟合"
    },
    {
      "head": "Caps-BiGRU-Attention模型",
      "relation": "实现",
      "tail": "健康状态评估"
    },
    {
      "head": "深度学习",
      "relation": "支持",
      "tail": "Caps-BiGRU-Attention模型"
    },
    {
      "head": "TensorFlow",
      "relation": "用于构建",
      "tail": "Caps-BiGRU-Attention模型"
    },
    {
      "head": "Python",
      "relation": "用于实现",
      "tail": "Caps-BiGRU-Attention模型"
    }
  ]
}